{"schemaVersion":"1.0","appDefinitionTemplate":{"id":"/providers/Microsoft.PowerApps/apps/","type":"Microsoft.PowerApps/apps","tags":{"primaryDeviceWidth":"1366","primaryDeviceHeight":"768","sienaVersion":"20211104T194810Z-3.21103.27.0","deviceCapabilities":"","supportsPortrait":"false","supportsLandscape":"true","primaryFormFactor":"Tablet","publisherVersion":"3.21103.27","minimumRequiredApiVersion":"2.2.0","hasComponent":"false","hasUnlockedComponent":"false","isUnifiedRootApp":"false"},"properties":{"appVersion":"2021-11-04T19:48:10Z","lifeCycleId":"Published","createdByClientVersion":{"major":3,"minor":21103,"build":27,"revision":0,"majorRevision":0,"minorRevision":0},"minClientVersion":{"major":3,"minor":21103,"build":27,"revision":0,"majorRevision":0,"minorRevision":0},"backgroundColor":"rgba(0, 176, 240, 1)","backgroundImageUri":"/8521881785083373503/Nabfa66d0-1a45-4097-bc2f-f9c8d6fb76c4-logoSmallFile","displayName":"Sistema POS V1","description":"","commitMessage":"","appUris":{"documentUri":{"value":"/8521881785083373503/Ne641ba54-1640-4e57-b2bd-7d6aa7284b8a-document.msapp"},"imageUris":[]},"createdTime":"0001-01-01T00:00:00Z","lastModifiedTime":"0001-01-01T00:00:00Z","sharedGroupsCount":0,"sharedUsersCount":0,"icons":{"smallIconUri":"/8521881785083373503/N63bce6a4-9982-4aa6-a660-62e6f72281e3-small.png","mediumIconUri":"/8521881785083373503/N5712a7b6-56dd-44d1-86c8-99c8e15d508f-medium.png","largeIconUri":"/8521881785083373503/Nc8ead145-f4d3-4ef4-aa1c-c375918a1225-large.png","wideIconUri":"/8521881785083373503/N203a6211-de63-4b0b-b310-b40e43d8c32e-wide.png"},"connectionReferences":{"e07031d1-098d-4d36-bb12-d77d181db96e":{"id":"80242c4e-79c2-4e60-bb83-07501cc0dc6b","displayName":"SharePoint","iconUri":"https://connectoricons-prod.azureedge.net/releases/v1.0.1533/1.0.1533.2600/sharepointonline/icon.png","dataSources":["Ventas Totales","Venta_Por_Producto","Clientes","Caja Chica","Productos_2","Registro Cod Venta Diaria","TBL_USER"],"dependencies":[],"dependents":[],"parameterHints":{},"parameterHintsV2":{},"isOnPremiseConnection":false,"dataSets":{"https://igse1.sharepoint.com/sites/PetMascotasMachali":{"dataSources":{"Ventas Totales":{"tableName":"317426b8-2530-4629-8783-19ad6251691c"},"Venta_Por_Producto":{"tableName":"0d338ff1-250b-486e-a0ba-f35ec29e6ab6"},"Clientes":{"tableName":"5b772e7d-2c2a-4cbc-9be7-aed092515fec"},"Caja Chica":{"tableName":"1721a2a5-de5d-45e6-bb97-be07481269f2"},"Productos_2":{"tableName":"83793506-0d26-4e28-be93-628029d78f8d"},"Registro Cod Venta Diaria":{"tableName":"6004089b-7fa7-42a7-8b4b-c9ffa9486b98"},"TBL_USER":{"tableName":"5b7cdba2-e5a7-4233-8dea-ed2e4630eaa2"}}}},"apiTier":"Standard","isCustomApiConnection":false,"actions":["providers/PowerPlatform.Governance/Operations/Read"]}},"databaseReferences":{},"almMode":"Environment","performanceOptimizationEnabled":true,"canConsumeAppPass":true,"executionRestrictions":{"isTeamsOnly":false,"dataLossPreventionEvaluationResult":{"status":"Compliant","lastEvaluationDate":"2021-11-04T19:48:27.5375045Z","violations":[],"violationsByPolicy":[],"violationErrorMessage":"The app uses the following connectors: shared_sharepointonline."}}},"appType":"ClassicCanvasApp","appComponents":[]}}